1,ableiges,mairie.ableiges95@wanadoo.fr
2,aincourt,mairie.aincourt@wanadoo.fr
3,ambleville,mairie.ambleville@wanadoo.fr
4,amenucourt,mairie.amenucourt@wanadoo.fr
5,andilly,mairie.andilly@wanadoo.fr
6,argenteuil,christian.bournery@ville-argenteuil.fr
7,arnouville les gonesse,webmaster@villedarnouville.com
8,arronville,arronville@wanadoo.fr
9,arthies,mairie-arthies-95@wanadoo.fr
10,asnieres sur oise,herve.pellin@ville-asnieres-sur-oise.fr
11,attainville,mairie@attainville.fr
12,auvers sur oise,communication@auvers-sur-oise.com
13,avernes,mairie.avernes@orange.fr
14,baillet en france,info@baillet-en-france.fr
15,banthelu,mairie.banthelu@wanadoo.fr
16,beauchamp,accueil-mairie@ville-beauchamp.fr
17,beaumont sur oise,beaumont.sg@wanadoo.fr
18,bellefontaine,mairiebellefontaine2@wanadoo.fr
19,belloy en france,secretariat@mairie-belloy-en-france.fr
20,bernes sur oise,mairiebernes@wanadoo.fr
21,berville,mairie.de.berville@wanadoo.fr
22,bessancourt,melody.quesnel@ville-bessancourt.fr
23,bethemont la foret,mairie.bethemont-laforet@wanadoo.fr
24,bezons,courrier@mairie-bezons.fr
25,boisemont,commune.boisemont@wanadoo.fr
26,boissy l aillerie,mairie.boissy-laillerie@wanadoo.fr
27,bonneuil en france,bonneuil-en-france95@orange.fr
28,bouffemont,info@ville-bouffemont.fr
29,bouqueval,mairiebouqueval@wanadoo.fr
30,bray et lu,mairie.brayetlu@wanadoo.fr
31,breancon,mairie.breancon@wanadoo.fr
32,brignancourt,brignancourt@wanadoo.fr
33,bruyeres sur oise,mairie.bruyeres.sur.oise@wanadoo.fr
34,buhy,mairie.buhy@wanadoo.fr
35,butry sur oise,mairiedebutrysuroise@wanadoo.fr
36,cergy,contact@ville-cergy.fr
37,champagne sur oise,cjacqueline@villedechampagne.fr
38,charmont,mairie.charmont@wanadoo.fr
39,chars,mairie.chars@wanadoo.fr
40,chatenay en france,""
41,chaumontel,mairie.chaumontel@wanadoo.fr
42,chaussy,mairie.chaussy@wanadoo.fr
43,chauvry,mairie.de.chauvry@wanadoo.fr
44,chennevieres les louvres,mairie.chennevieres@wanadoo.fr
45,cherence,mairie.cherence@wanadoo.fr
46,clery en vexin,commune-de-clery@wanadoo.fr
47,commeny,mairiecommeny@wanadoo.fr
48,condecourt,mairie.condecourt@wanadoo.fr
49,cormeilles en parisis,contact@ville-cormeilles95.fr
50,cormeilles en vexin,mairie-cormeillesenvexin@wanadoo.fr
51,courcelles sur viosne,mairie-courcellessurviosne95@wanadoo.fr
52,courdimanche,communication@ville-courdimanche.fr
53,deuil la barre,accueil@mairie-deuillabarre.fr
54,domont,mairiedomont@magic.fr
55,eaubonne,information@eaubonne.fr
56,ecouen,contact@ecouen.fr
57,enghien les bains,direction.generale@enghien95.fr
58,ennery,mairie@ennery.fr
59,epiais les louvres,mairieepiais-leslouvres@wanadoo.fr
60,epiais rhus,mairie.epiais-rhus@wanadoo.fr
61,epinay champlatreux,mairie.ep.champlatreux@wanadoo.fr
62,eragny sur oise,bureauetconseil@eragny.fr
63,ermont,mairie@ville-ermont.fr
64,ezanville,secret.mairie@ezanville.fr
65,fontenay en parisis,mairiefontenay@roissy-online.com
66,fosses,contact@ville-fosses95.fr
67,franconville,Communication@ville-franconville.fr
68,fremainville,fremainville-mairie@wanadoo.fr
69,fremecourt,mairiefremecourt@orange.fr
70,frepillon,mairie@frepillon.fr
71,frouville,mairie-frouville95@wanadoo.fr
72,gadancourt,mairie-gadancourt@orange.fr
73,garges les gonesse,communication@villedegarges.com
74,genainville,mairie-genainville@wanadoo.fr
75,genicourt,mairie.genicourt@wanadoo.fr
76,gonesse,contact@villaeroport.org
77,goussainville,maire@ville-goussainville.fr
78,gouzangrez,mairiedegouzangrez@orange.fr
79,grisy les platres,""
80,groslay,assistante_du_maire@mairie-groslay.fr
81,guiry en vexin,mairie.guiry-en-vexin@wanadoo.fr
82,haravilliers,commune.haravilliers@orange.fr
83,haute isle,mairie-hauteisle@wanadoo.fr
84,hedouville,mairie-hedouville@wanadoo.fr
85,herblay,mairie@herblay.fr
86,herouville,mairie@herouville-en-vexin.net
87,hodent,mairie.hodent@orange.fr
88,jagny sous bois,mairie.jagny-sous-bois@wanadoo.fr
89,jouy le moutier,secretariatgeneral@jouylemoutier.fr
90,labbeville,mairie@labbeville.fr
91,la chapelle en vexin,la-chapelle-en-vexin@wanadoo.fr
92,la frette sur seine,mairie@ville-la-frette95.fr
93,la roche guyon,mairie.larocheguyon@wanadoo.fr
94,lassy,""
95,le bellay en vexin,mairie.bellay@wanadoo.fr
96,le heaulme,mairie.le.heaulme@cegetel.net
97,le mesnil aubry,mairie.mesnil-aubry@wanadoo.fr
98,le perchay,mairie.leperchay@wanadoo.fr
99,le plessis bouchard,mairie@ville-le-plessis-bouchard.fr
100,le plessis gassot,le.plessis.gassot@wanadoo.fr
101,le plessis luzarches,mairieplessisluzarches@orange.fr
102,le thillay,p.bezillot@mairie-le-thillay.fr
103,l isle adam,m.martin@ville-isle-adam.fr
104,livilliers,mairie-de-livilliers@wanadoo.fr
105,longuesse,mairie.longuesse@orange.fr
106,louvres,communication@ville-louvres.fr
107,luzarches,v.coquillard@luzarches.net
108,maffliers,mairie-maffliers@wanadoo.fr
109,magny en vexin,mairie@magny-en-vexin.fr
110,mareil en france,mairie.mareil.france@wanadoo.fr
111,margency,info@mairie-margency.fr
112,marines,mairie.marines@wanadoo.fr
113,marly la ville,""
114,maudetour en vexin,mairie.maudetour@wanadoo.fr
115,menouville,""
116,menucourt,communication@menucourt.fr
117,meriel,accueil.mairie@ville-de-meriel.fr
118,mery sur oise,services.administratifs@merysuroise.fr
119,moisselles,mairie.moisselles@orange.fr
120,montgeroult,mairie-de-montgeroult@wanadoo.fr
121,montigny les cormeilles,communication@ville-montigny95.fr
122,montlignon,mairie.montlignon@wanadoo.fr
123,montmagny,communication@ville-montmagny.fr
124,montmorency,directiongenerale@ville-montmorency.fr
125,montreuil sur epte,mairiemontreuilept@orange.fr
126,montsoult,mairie-montsoult@wanadoo.fr
127,mours,secretaire.mairie.mours@wanadoo.fr
128,moussy,mairie.de.st.denis.catus@wanadoo.fr
129,nerville la foret,mairie-nerville95@wanadoo.fr
130,nesles la vallee,pontenay@wanadoo.fr
131,neuilly en vexin,""
132,neuville sur oise,affgenerales@neuville-sur-oise.fr
133,nointel,nointel-mairie@wanadoo.fr
134,noisy sur oise,mairie.de.noisy.sur.oise@wanadoo.fr
135,nucourt,mairie.nucourt@wanadoo.fr
136,omerville,""
137,osny,communication@ville-osny.fr
138,parmain,communication@ville-parmain.fr
139,persan,mairie@ville-persan.fr
140,pierrelaye,mairie@ville-pierrelaye.fr
141,piscop,mairie.piscop@wanadoo.fr
142,pontoise,mairie@ville-pontoise.fr
143,presles,mairie@ville-presles.fr
144,puiseux en france,vsimil@roissy-online.com
145,puiseux pontoise,mairie.puiseux-pontoise.95@wanadoo.fr
146,roissy en france,accueil@ville-roissy95.fr
147,ronquerolles,mairie.ronquerolles95@wanadoo.fr
148,sagy,mairie.sagy@wanadoo.fr
149,saint brice sous foret,info@saintbrice95.fr
150,saint clair sur epte,mairie-stclairsurepte@orange.fr
151,saint cyr en arthies,mairie.stcyrenarthies@wanadoo.fr
152,saint gervais,mairie.saintgervais@wanadoo.fr
153,saint gratien,info@mairie-saintgratien.fr
154,saint leu la foret,mairie@saint-leu-la-foret.fr
155,saint martin du tertre,mairiesaintmartindutertre@wanadoo.fr
156,saint ouen l aumone,courrier@ville-saintouenlaumone.fr
157,saint prix,communication@saintprix.fr
158,saint witz,mairie@saint-witz.fr
159,sannois,secretariat.general@sannois.org
160,santeuil,mairie@santeuil95.fr
161,sarcelles,comsarcelles@yahoo.fr
162,seraincourt,mairie.seraincourt95@wanadoo.fr
163,seugy,mairie.seugy@wanadoo.fr
164,soisy sous montmorency,mairie@soisy-sous-montmorency.fr
165,survilliers,vincent@roissy-online.com
166,taverny,mairie@ville-taverny.fr
167,themericourt,mairie.themericourt@wanadoo.fr
168,theuville,mairie.theuville.mts@wanadoo.fr
169,us,mairie.us.95@wanadoo.fr
170,vallangoujard,secretariat@vallangoujard.fr
171,valmondois,mairievalmondois@gmail.com
172,vaudherland,""
173,vaureal,communication@mairie-vaureal.fr
174,vemars,sandrine_ravenel@yahoo.fr
175,vetheuil,mairiedevetheuil@orange.fr
176,viarmes,ville-viarmes@wanadoo.fr
177,vienne en arthies,mairie.viennearthies@wanadoo.fr
178,vigny,mairie.vigny@wanadoo.fr
179,villaines sous bois,mairie@villaines-sous-bois.fr
180,villeron,accueilvilleron@roissy-online.com
181,villers en arthies,mairie.villers@free.fr
182,villiers adam,mairie.villiersadam@wanadoo.fr
183,villiers le bel,secretariatgeneral@ville-villiers-le-bel.fr
184,villiers le sec,mairie.villiers-le-sec@wanadoo.fr
185,wy dit joli village,mairie.wy-dit-joli-village@wanadoo.fr
